{"cameraMode":{"drawMode":0,"name":"Shaded","section":"Shading Mode"},"sceneLighting":true,"audioPlay":false,"sceneViewState":{"m_AlwaysRefresh":false,"showFog":true,"showSkybox":true,"showFlares":true,"showImageEffects":true,"showParticleSystems":true,"showVisualEffectGraphs":true,"m_FxEnabled":true},"in2DMode":false,"pivot":{"x":-0.5456274151802063,"y":1.8877779245376588,"z":3.268249034881592},"rotation":{"x":-0.1763712465763092,"y":-0.012699383310973645,"z":0.0022679283283650877,"w":-0.984260618686676},"size":9.578296661376954,"orthographic":false}