{"cameraMode":{"drawMode":0,"name":"Shaded","section":"Shading Mode"},"sceneLighting":true,"audioPlay":false,"sceneViewState":{"m_AlwaysRefresh":false,"showFog":true,"showSkybox":true,"showFlares":true,"showImageEffects":true,"showParticleSystems":true,"showVisualEffectGraphs":true,"m_FxEnabled":true},"in2DMode":false,"pivot":{"x":-1.5394253730773926,"y":1.1035213470458985,"z":1.280440092086792},"rotation":{"x":-0.049745019525289538,"y":0.04253273457288742,"z":-0.002119493903592229,"w":-0.9978716969490051},"size":6.467896461486816,"orthographic":false}